Summary,Issue Type,Status,Labels,Due Date,Description
"Add thumbnails for 5 CAVE items",Task,To Do,images,2026-09-30,"Add images for: Beyond the Door: Easter, Beyond the Door: Summer, Introduction to Critical Care, Mental Health Quiz, Sim in Crim - Youth Justice."
"Add a thumbnail for Mozaik 3D scenes",Task,To Do,images,2026-09-30,"The one remaining web item without an image (Google Earth and YouTube 360 video are already done)."
"Add thumbnails for 216 video items",Task,To Do,images,2026-09-30,"Every 360 video currently shows the generic kind-placeholder box. Decide scope: real screenshots for all 216 is a large effort - a generic '360 Video' placeholder graphic may be the realistic first step, with real thumbnails added opportunistically over time."
"Write facilitator notes for all 45 CAVE experiences",Task,To Do,facilitator-notes,2026-09-30,"These currently have an empty facilitatorNotes array. CAVE launch steps differ per experience (some are under 'Shared with Me' on Intuiface Player, some under 'My Experiences') so this likely needs per-item notes rather than one blanket instruction - see the existing 'Starting a CAVE experience' Help guide as a starting reference."
"Write facilitator notes for 3 web items",Task,To Do,facilitator-notes,2026-09-30,"Mozaik 3D scenes, Google Earth, YouTube 360 video - e.g. 'open in a browser via the launch path above'."
"Set launch paths for 21 CAVE items",Task,To Do,launch-paths,2026-09-30,"3 Porter's Five Forces, Designing Atmosphere, Health Professions - Motivational Interviewing, Health Care Scenario 1/2/10/11, Lived Experience, Lost Garden, MED Framework, Offending Pathways, Prison Visit, Physiotherapy Placement Preparation, Manual Handling - Proning, Psychology Quiz, Relaxation Experience, Sim in - Global, Sim in Crim - Policing/Youth Justice, Sim in Qual, Sim in Quant."
"Set launch paths for 216 video items",Task,To Do,launch-paths,2026-09-30,"Flagged as TBA in the data. Being set separately by the catalogue owner; this card tracks that it's still open."
"Extend the Add entry form to capture facilitator notes and launch path",Task,To Do,new-entry-system,2026-09-30,"The Mine-tab form was built before facilitatorNotes existed in the schema, so anyone adding a new entry locally currently has no way to fill that field in - it saves as empty."
"Define a process for merging Mine entries into the master catalogue",Task,To Do,new-entry-system,2026-09-30,"Entries added via the form (or imported JSON) only live in the browser's localStorage. There is no defined path yet for turning an accepted submission into a permanent addition to xr-catalogue-data.json."
